singapore-onenorth,singapore-hollandvillage,singapore-queenstown,boston-seaport
21.20208412714655,395.37328672703296,334.04902858662876,128.7161535837927
1523.9178129902905,2734.6235332391866,3099.4494722255417,2962.4951727875437
377.13194277820315,705.8317330021433,824.0078159335845,97.06352785252399
1952.0279683145084,2897.6635250385257,3484.445231917222,2058.7472664810975
15.02715728863144,23.392502465121538,27.654004436389133,28.33779019203751
15.748960255363052,21.918317920363826,26.604374159836375,19.616837386285734
