singapore-onenorth,singapore-hollandvillage,singapore-queenstown,boston-seaport
21.20208412714655,405.12328550036074,334.04902858662876,128.7161535837927
1523.9178129902905,412.90993562476183,3099.4494722255417,2962.4951727875437
377.13194277820315,2060.205946139621,824.0078159335845,97.06352785252399
1952.0279683145084,2094.643582600182,3484.445231917222,2058.7472664810975
15.02715728863144,0.07786650124401091,27.654004436389133,28.33779019203751
15.748960255363052,0.3443763646056095,26.604374159836375,19.616837386285734
